,count,mean,std,min,25%,50%,75%,max
latitude,2038700.0,37.94851449346103,5.699299607441944,0.0,33.99958,38.667126,41.769167,70.291947
longitude,2038700.0,-94.59847083273017,17.42724098708649,-162.968,-109.382366,-90.587611,-81.373008,144.833333
year,2038710.0,2003.1362984436237,9.104997941161391,1980.0,1998.0,2005.0,2010.0,2017.0
observation_count,2038710.0,1799.206178416744,3931.57673552753,1.0,51.0,88.0,1799.0,105025.0
observation_percent,2038710.0,78.54734464440749,28.743338131983972,0.0,70.0,93.0,98.0,100.0
valid_day_count,2038710.0,119.57297457706099,118.83585387563177,0.0,42.0,60.0,173.0,366.0
arithmetic_mean,2038686.0,49.00580630081877,262.2012406187023,-415.958333,0.039567,0.565491,9.882843000000001,73506.933243
arithmetic_standard_dev,2038686.0,7.861281934088428,104.93559900735423,0.0,0.015156,0.426425,5.3902375000000005,52767.218255
first_max_value,2038688.0,90.29162247808149,817.6460284782409,-415.0,0.099,2.7450900000000003,36.3,336583.0
ninety_five_percentile,2038710.0,62.39218468170763,400.4031747092889,-416.0,0.07,1.44,22.8,155917.0
fifty_percentile,2038710.0,47.8384313841179,250.4530601726226,-416.0,0.01,0.4,8.2,62075.0
