parameter_name,records
Ozone,166005
PM2.5 - Local Conditions,114697
Sulfur dioxide,109389
PM10 Total 0-10um STP,53687
Suspended particulate (TSP),42162
Carbon monoxide,35486
Nitrogen dioxide (NO2),31933
Average Ambient Pressure,23689
Average Ambient Temperature,23686
Wind Speed - Scalar,19767
Outdoor Temperature,19734
Acceptable PM2.5 AQI & Speciation Mass,19414
Sample Min Baro Pressure,18521
Ambient Min Temperature,18506
Ambient Max Temperature,18501
Sample Max Baro Pressure,18499
Lead (TSP) STP,16437
Sample Volume,16147
Sample Flow Rate- CV,15613
Elapsed Sample Time,15460
