units_of_measure,count
Parts per billion Carbon,552075
Micrograms/cubic meter (LC),528815
Micrograms/cubic meter (25 C),222492
Parts per million,203160
Parts per billion,167647
Millimeters (mercury),60854
Degrees Centigrade,60838
Degrees Compass,41605
Nanograms/cubic meter (25 C),38471
Knots,38442
Degrees Fahrenheit,22706
Cubic meter,16581
Percent,16048
Minutes,15460
Percent relative humidity,10362
Inverse Megameters,9811
Langleys/minute,6512
Millibars,5452
Nanograms/cubic meter (LC),4837
Inches (rainfall),4021
