n_estimators,learning_rate,max_depth,subsample,validation_accuracy,validation_macro_f1
200,0.1,3,0.8,0.765002804262479,0.38840367061959113
200,0.05,2,0.8,0.7599551318003365,0.3811567499158103
100,0.05,2,0.8,0.762198541783511,0.3802270882420695
200,0.05,3,0.8,0.7582725743129557,0.3786585017469208
100,0.05,3,0.8,0.7582725743129557,0.3780746427898933
100,0.1,3,0.8,0.7577117218171621,0.37778459006288023
200,0.1,2,0.8,0.7532249018508133,0.3743513988851888
100,0.1,2,0.8,0.7565900168255749,0.37125454998217144
100,0.1,2,1.0,0.7554683118339877,0.35385978288882886
200,0.1,2,1.0,0.7537857543466069,0.34823009838741986
100,0.05,2,1.0,0.7571508693213684,0.3474809862109659
200,0.05,2,1.0,0.7582725743129557,0.3473328016103362
100,0.05,3,1.0,0.7577117218171621,0.318072147794968
200,0.05,3,1.0,0.7554683118339877,0.3162732938360554
100,0.1,3,1.0,0.7504206393718452,0.30855476682478433
200,0.1,3,1.0,0.7504206393718452,0.308434923194592
