n_estimators,learning_rate,num_leaves,max_depth,subsample,colsample_bytree,validation_accuracy,validation_macro_f1
200,0.05,31,5,0.8,1.0,0.7655636567582725,0.3824953183253211
200,0.05,31,5,1.0,1.0,0.7655636567582725,0.3824953183253211
200,0.05,15,-1,0.8,1.0,0.7638810992708918,0.37533278588512853
200,0.05,15,-1,1.0,1.0,0.7638810992708918,0.37533278588512853
200,0.1,15,-1,0.8,1.0,0.7661245092540662,0.35226037516142084
200,0.1,15,-1,1.0,1.0,0.7661245092540662,0.35226037516142084
200,0.05,31,-1,0.8,1.0,0.7661245092540662,0.32672602057510447
200,0.05,31,-1,1.0,1.0,0.7661245092540662,0.32672602057510447
200,0.05,31,-1,0.8,0.8,0.7683679192372406,0.32583799774763417
200,0.05,31,-1,1.0,0.8,0.7683679192372406,0.32583799774763417
100,0.1,31,-1,0.8,0.8,0.7655636567582725,0.3250218040588672
100,0.1,31,-1,1.0,0.8,0.7655636567582725,0.3250218040588672
200,0.1,31,-1,0.8,1.0,0.7655636567582725,0.32389057750759875
200,0.1,31,-1,1.0,1.0,0.7655636567582725,0.32389057750759875
200,0.1,31,-1,0.8,0.8,0.765002804262479,0.32375924038538784
200,0.1,31,-1,1.0,0.8,0.765002804262479,0.32375924038538784
200,0.1,31,5,0.8,0.8,0.7666853617498598,0.3236650071799342
200,0.1,31,5,1.0,0.8,0.7666853617498598,0.3236650071799342
200,0.05,15,5,0.8,0.8,0.767807066741447,0.32272773960886997
200,0.05,15,5,1.0,0.8,0.767807066741447,0.32272773960886997
100,0.05,31,-1,0.8,1.0,0.7633202467750981,0.3222305255692325
100,0.05,31,-1,1.0,1.0,0.7633202467750981,0.3222305255692325
100,0.1,15,5,0.8,1.0,0.7666853617498598,0.32149297422826073
100,0.1,15,5,1.0,1.0,0.7666853617498598,0.32149297422826073
100,0.05,15,5,0.8,0.8,0.7672462142456534,0.3213672384331274
100,0.05,15,5,1.0,0.8,0.7672462142456534,0.3213672384331274
200,0.05,31,5,0.8,0.8,0.7672462142456534,0.321315659298668
200,0.05,31,5,1.0,0.8,0.7672462142456534,0.321315659298668
100,0.1,31,-1,0.8,1.0,0.7644419517666854,0.320706290485816
100,0.1,31,-1,1.0,1.0,0.7644419517666854,0.320706290485816
200,0.05,15,5,0.8,1.0,0.7655636567582725,0.32060246818526605
200,0.05,15,5,1.0,1.0,0.7655636567582725,0.32060246818526605
100,0.05,31,-1,0.8,0.8,0.7655636567582725,0.31909366257196903
100,0.05,31,-1,1.0,0.8,0.7655636567582725,0.31909366257196903
200,0.1,15,-1,0.8,0.8,0.7605159842961301,0.3189417882088593
200,0.1,15,-1,1.0,0.8,0.7605159842961301,0.3189417882088593
200,0.1,31,5,0.8,1.0,0.7627593942793045,0.3187274452608938
200,0.1,31,5,1.0,1.0,0.7627593942793045,0.3187274452608938
100,0.05,31,5,0.8,0.8,0.7633202467750981,0.3187235418124802
100,0.05,31,5,1.0,0.8,0.7633202467750981,0.3187235418124802
100,0.05,15,5,0.8,1.0,0.765002804262479,0.3171770108403772
100,0.05,15,5,1.0,1.0,0.765002804262479,0.3171770108403772
200,0.1,15,5,0.8,0.8,0.7627593942793045,0.3168439932314019
200,0.1,15,5,1.0,0.8,0.7627593942793045,0.3168439932314019
200,0.1,15,5,0.8,1.0,0.762198541783511,0.31660072081984447
200,0.1,15,5,1.0,1.0,0.762198541783511,0.31660072081984447
100,0.1,15,-1,0.8,1.0,0.7633202467750981,0.3165565066267914
100,0.1,15,-1,1.0,1.0,0.7633202467750981,0.3165565066267914
100,0.1,15,-1,0.8,0.8,0.7616376892877174,0.31590140321297666
100,0.1,15,-1,1.0,0.8,0.7616376892877174,0.31590140321297666
100,0.1,31,5,0.8,0.8,0.7610768367919237,0.3150690850767248
100,0.1,31,5,1.0,0.8,0.7610768367919237,0.3150690850767248
100,0.1,31,5,0.8,1.0,0.7644419517666854,0.3145573481442299
100,0.1,31,5,1.0,1.0,0.7644419517666854,0.3145573481442299
100,0.05,15,-1,0.8,0.8,0.7644419517666854,0.3144717077354598
100,0.05,15,-1,1.0,0.8,0.7644419517666854,0.3144717077354598
100,0.1,15,5,0.8,0.8,0.7627593942793045,0.3141322540390946
100,0.1,15,5,1.0,0.8,0.7627593942793045,0.3141322540390946
100,0.05,15,-1,0.8,1.0,0.7616376892877174,0.3130429176329223
100,0.05,15,-1,1.0,1.0,0.7616376892877174,0.3130429176329223
100,0.05,31,5,0.8,1.0,0.762198541783511,0.31153879927785066
100,0.05,31,5,1.0,1.0,0.762198541783511,0.31153879927785066
200,0.05,15,-1,0.8,0.8,0.762198541783511,0.31078255798499665
200,0.05,15,-1,1.0,0.8,0.762198541783511,0.31078255798499665
