n_estimators,max_depth,min_samples_leaf,class_weight,validation_accuracy,validation_macro_f1
200,20,1,balanced,0.765002804262479,0.40906720330759283
400,20,1,balanced,0.762198541783511,0.40582773862315147
400,20,2,balanced,0.7173303421200224,0.36829586392308905
400,None,2,balanced,0.7251822770611329,0.36393747407043775
400,None,1,balanced,0.7739764441951766,0.3630923589124098
200,None,2,balanced,0.7257431295569265,0.3629115168245603
200,20,2,balanced,0.7184520471116096,0.3610274869182151
200,None,1,balanced,0.7689287717330342,0.3570354571696398
200,None,1,None,0.7694896242288278,0.3452081252081252
400,None,1,None,0.767807066741447,0.3430850010204849
400,12,1,balanced,0.7173303421200224,0.33762575577628573
200,12,1,balanced,0.7173303421200224,0.3355391689616351
200,12,2,balanced,0.6909702748177229,0.3352256804557342
400,12,2,balanced,0.6915311273135165,0.3329577534468865
400,None,4,balanced,0.6786315199102636,0.32746651342092675
200,20,4,balanced,0.680874929893438,0.3274318297069118
200,None,4,balanced,0.680874929893438,0.3273438411852313
400,20,4,balanced,0.6758272574312956,0.3250903309475685
400,12,4,balanced,0.6679753224901851,0.32047151649493666
200,12,4,balanced,0.6674144699943915,0.3157392710710133
200,None,2,None,0.7672462142456534,0.3079150436608066
400,20,1,None,0.767807066741447,0.30769300584264564
200,20,2,None,0.7689287717330342,0.30645044665692156
400,None,2,None,0.7661245092540662,0.3063276195043304
200,None,4,None,0.7666853617498598,0.3059889328034868
400,20,2,None,0.7683679192372406,0.30469804610218015
200,20,1,None,0.767807066741447,0.3023604071617229
400,None,4,None,0.765002804262479,0.30214164274444116
200,20,4,None,0.7638810992708918,0.3000618141092623
400,20,4,None,0.765002804262479,0.299513188102903
200,12,1,None,0.7655636567582725,0.29849312468975386
200,12,4,None,0.765002804262479,0.2970410400635552
200,12,2,None,0.765002804262479,0.29661464475877203
400,12,4,None,0.7638810992708918,0.296144420469615
400,12,2,None,0.7644419517666854,0.29584920528468917
400,12,1,None,0.7633202467750981,0.2941480986547632
