C,gamma,class_weight,validation_accuracy,validation_macro_f1,seconds
5.0,scale,balanced,0.754907459338194,0.4363555360057534,37.7266149520874
2.0,scale,balanced,0.7537857543466069,0.4324324545795217,37.44756770133972
1.0,scale,balanced,0.7420078519349411,0.39892936437764026,42.259419202804565
5.0,scale,,0.7605159842961301,0.3716396761207292,35.10001182556152
0.5,scale,balanced,0.730790802019069,0.3636683065379511,43.93030071258545
2.0,scale,,0.7577117218171621,0.33085290526321864,36.408674240112305
1.0,scale,,0.7543466068424004,0.2949107335972017,29.89454984664917
0.5,scale,,0.7554683118339877,0.2936475835909499,29.944565296173096
1.0,auto,,0.7442512619181155,0.24575033239754734,33.15034627914429
2.0,auto,,0.7408861469433539,0.24499272887244938,36.49188828468323
2.0,auto,balanced,0.5692652832305104,0.23690526048747845,66.94146823883057
1.0,auto,balanced,0.5412226584408301,0.2368540544739955,58.97573137283325
