,dtype,non_null,null,unique,null_pct
site_id,string,16535,0,1849,0.0
state_code,string,16535,0,55,0.0
county_code,int64,16535,0,144,0.0
site_num,int64,16535,0,354,0.0
year,int64,16535,0,20,0.0
latitude,float64,16535,0,1846,0.0
longitude,float64,16535,0,1847,0.0
state_name,str,16535,0,55,0.0
county_name,str,16535,0,693,0.0
city_name,str,16535,0,986,0.0
cbsa_name,str,16535,0,491,0.0
observation_count,int64,16535,0,372,0.0
observation_percent,int64,16535,0,101,0.0
valid_day_count,int64,16535,0,366,0.0
arithmetic_standard_dev,float64,16535,0,16519,0.0
first_max_value,float64,16535,0,1006,0.0
ninety_nine_percentile,float64,16535,0,819,0.0
ninety_eight_percentile,float64,16535,0,724,0.0
ninety_five_percentile,float64,16535,0,582,0.0
ninety_percentile,float64,16535,0,475,0.0
seventy_five_percentile,float64,16535,0,345,0.0
fifty_percentile,float64,16535,0,631,0.0
ten_percentile,str,16535,0,497,0.0
pm25_mean,float64,16535,0,16222,0.0
pm25_risk_category_next_year,str,16535,0,6,0.0
pm25_lag1,float64,16535,0,14289,0.0
pm25_change_1yr,float64,16535,0,14531,0.0
pm25_pct_change_1yr,float64,16535,0,14540,0.0
pm25_lag2,float64,16535,0,12579,0.0
pm25_rolling_2yr_mean,float64,16535,0,14537,0.0
pm25_rolling_3yr_mean,float64,16535,0,12770,0.0
pm25_rolling_3yr_std,float64,16535,0,12770,0.0
p95_minus_median,float64,16535,0,1403,0.0
p99_p10_range,str,16535,0,1729,0.0
max_to_mean_ratio,float64,16535,0,16526,0.0
observations_per_valid_day,float64,16535,0,985,0.0
has_previous_year,int64,16535,0,2,0.0
has_three_year_history,int64,16535,0,2,0.0
