,year,latitude,longitude,observation_count,observation_percent,valid_day_count,arithmetic_standard_dev,first_max_value,ninety_nine_percentile,ninety_eight_percentile,ninety_five_percentile,ninety_percentile,seventy_five_percentile,fifty_percentile,ten_percentile,pm25_mean,pm25_lag1,pm25_change_1yr,pm25_pct_change_1yr,pm25_lag2,pm25_rolling_2yr_mean,pm25_rolling_3yr_mean,pm25_rolling_3yr_std,p95_minus_median,p99_p10_range,max_to_mean_ratio,observations_per_valid_day,has_previous_year,has_three_year_history
year,1.0,0.021829385175507476,-0.04514161343282985,0.2732967775858513,0.19055172130626127,0.27703496901517216,-0.35622385997484296,-0.22787999836605843,-0.3131587858136544,-0.36212695157270774,-0.40004009242498856,-0.41250870777368426,-0.4276653919453366,-0.41938465385988094,-0.36318731025926493,-0.46149576671647874,-0.07268026557556971,-0.021138129780862103,0.005932966381324275,0.11815064239835087,-0.07915306181140325,0.11676862040316491,0.12448427172855218,-0.30687212997163954,-0.2716111955187021,0.045632307642009616,-0.016789767170618086,0.2680471261710621,0.3678761713562326
latitude,0.021829385175507476,1.0,-0.06924712124022787,-0.01797599190658957,0.025151496334567716,-0.015528363721406336,0.1768902952100721,0.09609239402712257,0.12176225694553724,0.13225207405157274,0.10912415200904627,0.07448759841982693,-0.02483207437198357,-0.1339841991307239,-0.2406956629210409,-0.059281485979677376,-0.04588482839516028,0.012436073983585056,-0.006930914233676718,-0.04148760243558239,-0.0455179414852412,-0.0389831553263299,0.03320076225238567,0.20179454682597467,0.16286964943521953,0.05480575524705595,-0.008855220960185378,-0.018129442353743867,-0.022251942886953993
longitude,-0.04514161343282985,-0.06924712124022787,1.0,-0.05418222831802602,0.05178040626053401,-0.054576288493943345,-0.03564875916408755,-0.08005213847088166,-0.046851174869490496,-0.011875102822748956,0.04723559545147289,0.1288136126505547,0.2570901676212981,0.2866877472338634,0.24796612108334223,0.22826107181948668,0.16921123597626483,-0.0036389830445940534,-0.010863958899504894,0.14253948133966657,0.17515151076103516,0.1458260799675553,-0.10893968996336077,-0.07651765948160842,-0.08878440980212243,-0.12909907657042904,-0.01766868622516573,0.02978306466310587,0.03405215021103714
observation_count,0.2732967775858513,-0.01797599190658957,-0.05418222831802602,1.0,0.29234521600272034,0.9829253957240307,-0.026662015318721522,0.17481546121204677,0.024538866206854595,0.013167428174995284,-0.020048707404679386,-0.025363933505598756,-0.025035812083060268,-0.03753235303858773,-0.014188161834381006,-0.045818272409437255,0.12422748076808669,-0.01641473641791085,0.014645793763983166,0.1260217865692728,0.1262146336090567,0.12814920756466122,0.0713375758075991,-0.007528421484661577,0.03067672457776344,0.12087073986147093,0.06817043111231952,0.18822864884332216,0.15528140376687447
observation_percent,0.19055172130626127,0.025151496334567716,0.05178040626053401,0.29234521600272034,1.0,0.2880438871132585,-0.026348631972522484,0.08097140612249104,0.006359347212453261,-0.012580463246315432,-0.021919893607559023,-0.03839991671173834,-0.06581348957992855,-0.06930994879082425,-0.04779517963350046,-0.04773821655156162,0.427169998861564,-0.06722389238042002,0.0039339323265685415,0.3812745549539037,0.43214095174965117,0.3870293888026388,0.16196605112822618,0.00521100037199101,0.01357552707708825,0.04859029522516536,-0.008687565799082194,0.5712803557723838,0.4408522951222229
valid_day_count,0.27703496901517216,-0.015528363721406336,-0.054576288493943345,0.9829253957240307,0.2880438871132585,1.0,-0.028045414592129173,0.17164512496988435,0.01772402504936404,0.004600073490043179,-0.03123928843047412,-0.03954520666216817,-0.0465711420590235,-0.06341725142811158,-0.06195470713659797,-0.05315117622991559,0.11939672138931552,-0.01656741680380819,0.014943049475778436,0.12196646573645029,0.12116996853889332,0.12400431211241625,0.07148489176430481,-0.009384179240634657,0.030630183282377276,0.12217942332277944,-0.09661485852215963,0.18857708211298593,0.15541383812397147
arithmetic_standard_dev,-0.35622385997484296,0.1768902952100721,-0.03564875916408755,-0.026662015318721522,-0.026348631972522484,-0.028045414592129173,1.0,0.8356866881229948,0.9078276551298867,0.9242547755933107,0.9120803863106586,0.8594542485056316,0.6665829216811826,0.5299575323379522,0.3315187415111356,0.7310961391046493,0.30974055221304236,0.19324207620632028,-0.005558153640951128,0.18232655138896622,0.35514467630778984,0.2085512823568918,0.1950498493945676,0.9022933887154495,0.8982842884119313,0.08172307188372697,-0.0044466320517713015,-0.07266636611892201,-0.09633260314798002
first_max_value,-0.22787999836605843,0.09609239402712257,-0.08005213847088166,0.17481546121204677,0.08097140612249104,0.17164512496988435,0.8356866881229948,1.0,0.8613194749146308,0.7655838493230592,0.6886800647444598,0.6222620438450086,0.46958559978739056,0.3781071301389812,0.28867111653493693,0.5512044586637542,0.2788801168222095,0.1527029725997938,-0.004391439454257138,0.17546094918046454,0.31608366408661814,0.1966269808639378,0.1583492200642284,0.6917708222531858,0.8567150827837742,0.22124547357760496,0.007320547240215589,0.004403815672991231,-0.028384575943015595
ninety_nine_percentile,-0.3131587858136544,0.12176225694553724,-0.046851174869490496,0.024538866206854595,0.006359347212453261,0.01772402504936404,0.9078276551298867,0.8613194749146308,1.0,0.8858172952902061,0.8113940843775684,0.7420189101567688,0.572345547207653,0.4693431572921304,0.358620459323777,0.6497060796183552,0.28305233748207154,0.16798285562811766,-0.004915121110339221,0.16216468563535935,0.32305723736894904,0.18541716927240423,0.1704864506627926,0.803691249691677,0.9905459194964429,0.11028932293175399,0.03203506135638156,-0.055224022415037474,-0.08258633176583381
ninety_eight_percentile,-0.36212695157270774,0.13225207405157274,-0.011875102822748956,0.013167428174995284,-0.012580463246315432,0.004600073490043179,0.9242547755933107,0.7655838493230592,0.8858172952902061,1.0,0.926470018466572,0.8610626226786082,0.684379882725624,0.5748812929925258,0.43979120895757445,0.7534394414188572,0.3375477556410553,0.18888040124518352,-0.0059777366250414535,0.20447536359930507,0.3832779500927279,0.2303248586544168,0.1895538948238332,0.899146274834835,0.8592425441752309,0.045806009991140435,0.04025266431097881,-0.06593564146853977,-0.08985947853471546
ninety_five_percentile,-0.40004009242498856,0.10912415200904627,0.04723559545147289,-0.020048707404679386,-0.021919893607559023,-0.03123928843047412,0.9120803863106586,0.6886800647444598,0.8113940843775684,0.926470018466572,1.0,0.9484605691128022,0.7959851917641911,0.6877225365227798,0.5340209472492392,0.8434632777189811,0.38273208304512124,0.18404790886160277,-0.005743734775815794,0.2326157737325367,0.42938160870120845,0.26038061251755124,0.18695144943925052,0.9385527727942007,0.767762907791779,-0.014276453929116514,0.054667108323853214,-0.07565397568751946,-0.10111785731582354
ninety_percentile,-0.41250870777368426,0.07448759841982693,0.1288136126505547,-0.025363933505598756,-0.03839991671173834,-0.03954520666216817,0.8594542485056316,0.6222620438450086,0.7420189101567688,0.8610626226786082,0.9484605691128022,1.0,0.8804292319880724,0.7823592944295051,0.6181619291349052,0.89737545371905,0.39928360889308906,0.182691610441006,-0.004408316418251324,0.24982010682863656,0.4463413908970623,0.2770538097950308,0.16781002642983,0.8283380962589675,0.6828642891557956,-0.056294223146403546,0.06759378061544855,-0.08917424551337588,-0.10855976377276036
seventy_five_percentile,-0.4276653919453366,-0.02483207437198357,0.2570901676212981,-0.025035812083060268,-0.06581348957992855,-0.0465711420590235,0.6665829216811826,0.46958559978739056,0.572345547207653,0.684379882725624,0.7959851917641911,0.8804292319880724,1.0,0.9401708936912991,0.7797964175752609,0.9397524723141598,0.4198888979817673,0.10639817021900846,-0.0023018194176108405,0.2589480169673033,0.4545679669682857,0.2794277351791396,0.05530367838338304,0.5603546148616694,0.48142799176198176,-0.114088795727407,0.10936871857697408,-0.10995109882419744,-0.12858583799944237
fifty_percentile,-0.41938465385988094,-0.1339841991307239,0.2866877472338634,-0.03753235303858773,-0.06930994879082425,-0.06341725142811158,0.5299575323379522,0.3781071301389812,0.4693431572921304,0.5748812929925258,0.6877225365227798,0.7823592944295051,0.9401708936912991,1.0,0.872203167561617,0.9296389845653863,0.4166298456924584,0.07753352863770005,0.0010152787487156748,0.2516724659240756,0.44619643550941485,0.2691204527247217,0.02416763277091728,0.3949044328849721,0.3598634509060241,-0.14275831224514726,0.13758190263778589,-0.11222464749928615,-0.1327655323211752
ten_percentile,-0.36318731025926493,-0.2406956629210409,0.24796612108334223,-0.014188161834381006,-0.04779517963350046,-0.06195470713659797,0.3315187415111356,0.28867111653493693,0.358620459323777,0.43979120895757445,0.5340209472492392,0.6181619291349052,0.7797964175752609,0.872203167561617,1.0,0.7780631701869911,0.34957509010289356,0.045415351107028934,-0.0011575110133056688,0.20947039648263735,0.3710907091221104,0.2205386224543322,-0.0017331392910580707,0.261523905199865,0.22717331236058091,-0.12707031098363575,0.28111688455792666,-0.09600078997741364,-0.11594989038319328
pm25_mean,-0.46149576671647874,-0.059281485979677376,0.22826107181948668,-0.045818272409437255,-0.04773821655156162,-0.05315117622991559,0.7310961391046493,0.5512044586637542,0.6497060796183552,0.7534394414188572,0.8434632777189811,0.89737545371905,0.9397524723141598,0.9296389845653863,0.7780631701869911,1.0,0.45712988654301046,0.11843121615451706,-0.002052011430765726,0.27780949115824194,0.4953332074381467,0.30069500989333914,0.08518318592228874,0.625445285151663,0.5628461413992126,-0.10500919119990601,0.018983494438556948,-0.10508230963623434,-0.13187763947648376
pm25_lag1,-0.07268026557556971,-0.04588482839516028,0.16921123597626483,0.12422748076808669,0.427169998861564,0.11939672138931552,0.30974055221304236,0.2788801168222095,0.28305233748207154,0.3375477556410553,0.38273208304512124,0.39928360889308906,0.4198888979817673,0.4166298456924584,0.34957509010289356,0.45712988654301046,1.0,-0.30367995092141187,-0.015344780157413897,0.6638448550881335,0.9863640151775169,0.686856907311354,0.3272109948269579,0.28627844848608563,0.24228562436326137,-0.04292486338657723,-0.002226707802329347,0.7259910091899303,0.4437801063203309
pm25_change_1yr,-0.021138129780862103,0.012436073983585056,-0.0036389830445940534,-0.01641473641791085,-0.06722389238042002,-0.01656741680380819,0.19324207620632028,0.1527029725997938,0.16798285562811766,0.18888040124518352,0.18404790886160277,0.182691610441006,0.10639817021900846,0.07753352863770005,0.045415351107028934,0.11843121615451706,-0.30367995092141187,1.0,0.04831124680269288,-0.0647483074963156,-0.14273299705025855,-0.057378491915130496,-0.10676886714509003,0.19605299858706182,0.1678678613061187,-0.007067895109649838,0.0014576424472724186,-0.07411435060614446,-0.02785739904260099
pm25_pct_change_1yr,0.005932966381324275,-0.006930914233676718,-0.010863958899504894,0.014645793763983166,0.0039339323265685415,0.014943049475778436,-0.005558153640951128,-0.004391439454257138,-0.004915121110339221,-0.0059777366250414535,-0.005743734775815794,-0.004408316418251324,-0.0023018194176108405,0.0010152787487156748,-0.0011575110133056688,-0.002052011430765726,-0.015344780157413897,0.04831124680269288,1.0,-0.011885012284074677,-0.007595382505218897,-0.0074182646702493716,0.04358228525078898,-0.007751391287024456,-0.004979541512625896,-0.0016230693453138743,-0.0012330578462086386,0.0028547055752643287,0.004197398500622715
pm25_lag2,0.11815064239835087,-0.04148760243558239,0.14253948133966657,0.1260217865692728,0.3812745549539037,0.12196646573645029,0.18232655138896622,0.17546094918046454,0.16216468563535935,0.20447536359930507,0.2326157737325367,0.24982010682863656,0.2589480169673033,0.2516724659240756,0.20947039648263735,0.27780949115824194,0.6638448550881335,-0.0647483074963156,-0.011885012284074677,1.0,0.6784312572103359,0.9855826268642901,0.5547391215139162,0.17472825910472395,0.1368998114045292,-0.030135159321029763,-0.0004451923489964159,0.5645256067350858,0.8274320907173789
pm25_rolling_2yr_mean,-0.07915306181140325,-0.0455179414852412,0.17515151076103516,0.1262146336090567,0.43214095174965117,0.12116996853889332,0.35514467630778984,0.31608366408661814,0.32305723736894904,0.3832779500927279,0.42938160870120845,0.4463413908970623,0.4545679669682857,0.44619643550941485,0.3710907091221104,0.4953332074381467,0.9863640151775169,-0.14273299705025855,-0.007595382505218897,0.6784312572103359,1.0,0.7036096799703179,0.3214706544711707,0.33125731027302496,0.28077548695825294,-0.04581210588832548,-0.0020613623712416877,0.7413721012392567,0.4561958798090998
pm25_rolling_3yr_mean,0.11676862040316491,-0.0389831553263299,0.1458260799675553,0.12814920756466122,0.3870293888026388,0.12400431211241625,0.2085512823568918,0.1966269808639378,0.18541716927240423,0.2303248586544168,0.26038061251755124,0.2770538097950308,0.2794277351791396,0.2691204527247217,0.2205386224543322,0.30069500989333914,0.686856907311354,-0.057378491915130496,-0.0074182646702493716,0.9855826268642901,0.7036096799703179,1.0,0.5068718495098138,0.20156979836095446,0.1594115837580809,-0.03482190000957391,-0.0005391570656295434,0.5757543397883955,0.8438901821760463
pm25_rolling_3yr_std,0.12448427172855218,0.03320076225238567,-0.10893968996336077,0.0713375758075991,0.16196605112822618,0.07148489176430481,0.1950498493945676,0.1583492200642284,0.1704864506627926,0.1895538948238332,0.18695144943925052,0.16781002642983,0.05530367838338304,0.02416763277091728,-0.0017331392910580707,0.08518318592228874,0.3272109948269579,-0.10676886714509003,0.04358228525078898,0.5547391215139162,0.3214706544711707,0.5068718495098138,1.0,0.22509816678479536,0.17885670773815623,0.046509810571047056,-0.008444991173152262,0.2948686077435275,0.4321925271082441
p95_minus_median,-0.30687212997163954,0.20179454682597467,-0.07651765948160842,-0.007528421484661577,0.00521100037199101,-0.009384179240634657,0.9022933887154495,0.6917708222531858,0.803691249691677,0.899146274834835,0.9385527727942007,0.8283380962589675,0.5603546148616694,0.3949044328849721,0.261523905199865,0.625445285151663,0.28627844848608563,0.19605299858706182,-0.007751391287024456,0.17472825910472395,0.33125731027302496,0.20156979836095446,0.22509816678479536,1.0,0.7997388396215751,0.04980195119789069,0.0037734866014753027,-0.042387556552878146,-0.06484682900991923
p99_p10_range,-0.2716111955187021,0.16286964943521953,-0.08878440980212243,0.03067672457776344,0.01357552707708825,0.030630183282377276,0.8982842884119313,0.8567150827837742,0.9905459194964429,0.8592425441752309,0.767762907791779,0.6828642891557956,0.48142799176198176,0.3598634509060241,0.22717331236058091,0.5628461413992126,0.24228562436326137,0.1678678613061187,-0.004979541512625896,0.1368998114045292,0.28077548695825294,0.1594115837580809,0.17885670773815623,0.7997388396215751,1.0,0.13767722337741659,-0.008143568180001571,-0.04341116667108166,-0.06958697620936576
max_to_mean_ratio,0.045632307642009616,0.05480575524705595,-0.12909907657042904,0.12087073986147093,0.04859029522516536,0.12217942332277944,0.08172307188372697,0.22124547357760496,0.11028932293175399,0.045806009991140435,-0.014276453929116514,-0.056294223146403546,-0.114088795727407,-0.14275831224514726,-0.12707031098363575,-0.10500919119990601,-0.04292486338657723,-0.007067895109649838,-0.0016230693453138743,-0.030135159321029763,-0.04581210588832548,-0.03482190000957391,0.046509810571047056,0.04980195119789069,0.13767722337741659,1.0,-0.0037629265952541023,0.031402065637333006,0.012936831406845132
observations_per_valid_day,-0.016789767170618086,-0.008855220960185378,-0.01766868622516573,0.06817043111231952,-0.008687565799082194,-0.09661485852215963,-0.0044466320517713015,0.007320547240215589,0.03203506135638156,0.04025266431097881,0.054667108323853214,0.06759378061544855,0.10936871857697408,0.13758190263778589,0.28111688455792666,0.018983494438556948,-0.002226707802329347,0.0014576424472724186,-0.0012330578462086386,-0.0004451923489964159,-0.0020613623712416877,-0.0005391570656295434,-0.008444991173152262,0.0037734866014753027,-0.008143568180001571,-0.0037629265952541023,1.0,-0.01920854862367445,-0.012041180432044543
has_previous_year,0.2680471261710621,-0.018129442353743867,0.02978306466310587,0.18822864884332216,0.5712803557723838,0.18857708211298593,-0.07266636611892201,0.004403815672991231,-0.055224022415037474,-0.06593564146853977,-0.07565397568751946,-0.08917424551337588,-0.10995109882419744,-0.11222464749928615,-0.09600078997741364,-0.10508230963623434,0.7259910091899303,-0.07411435060614446,0.0028547055752643287,0.5645256067350858,0.7413721012392567,0.5757543397883955,0.2948686077435275,-0.042387556552878146,-0.04341116667108166,0.031402065637333006,-0.01920854862367445,1.0,0.6822621615335748
has_three_year_history,0.3678761713562326,-0.022251942886953993,0.03405215021103714,0.15528140376687447,0.4408522951222229,0.15541383812397147,-0.09633260314798002,-0.028384575943015595,-0.08258633176583381,-0.08985947853471546,-0.10111785731582354,-0.10855976377276036,-0.12858583799944237,-0.1327655323211752,-0.11594989038319328,-0.13187763947648376,0.4437801063203309,-0.02785739904260099,0.004197398500622715,0.8274320907173789,0.4561958798090998,0.8438901821760463,0.4321925271082441,-0.06484682900991923,-0.06958697620936576,0.012936831406845132,-0.012041180432044543,0.6822621615335748,1.0
