feature,mean,std,skew,kurtosis,zeros_pct,null_pct,zero_variance
pm25_pct_change_1yr,2.0614750377631346,267.5733711188787,128.57676887642438,16529.990350418087,12.071363773813124,0.0,False
max_to_mean_ratio,3.5594661960275684,4.249749921600687,70.63698568410564,5861.426464502326,0.0,0.0,False
pm25_rolling_3yr_std,0.7040082217466941,0.8846578285331436,11.326686074907881,286.21831348435717,22.775929845781675,0.0,False
observations_per_valid_day,1.0292449400935777,0.1844846278051447,9.0794823420661,105.37384109260509,0.0,0.0,False
p95_minus_median,13.78340691462554,7.263094382777434,8.589473577924029,326.4069426395421,0.09676443906864227,0.0,False
ninety_nine_percentile,31.571635923798006,14.571292553015107,8.155983411634706,259.79333628908006,0.012095554883580283,0.0,False
arithmetic_standard_dev,6.195504156188893,2.739471043953121,6.172728047891871,172.50677890942723,0.05442999697611128,0.0,False
ninety_percentile,19.302860598729968,7.368084574513677,5.46981961896995,189.58109433460564,0.012095554883580283,0.0,False
first_max_value,36.83794980344723,18.30518397290076,5.43424318313948,110.50135338717288,0.0,0.0,False
ninety_eight_percentile,28.01529482915029,11.698611434346272,4.956680174720316,130.83865856299508,0.012095554883580283,0.0,False
ninety_five_percentile,23.355833081342602,9.19147169846858,4.83470485569301,141.7201719453351,0.012095554883580283,0.0,False
pm25_change_1yr,-0.32947259963419306,1.6471878423351056,-3.4088358069931335,186.46765185061693,12.071363773813124,0.0,False
observation_percent,88.47154520713637,16.704112053708215,-2.918401771404271,8.910630410253903,0.012095554883580283,0.0,False
has_previous_year,0.8792863622618687,0.3258040438877172,-2.3283801358240077,3.4213540568998244,12.071363773813124,0.0,False
fifty_percentile,9.572426166717065,3.452954062627432,1.5470516004275638,14.842673824689307,0.018143332325370427,0.0,False
seventy_five_percentile,13.926162685213182,4.993807354314236,1.5424983017417957,15.201255420868662,0.012095554883580283,0.0,False
has_three_year_history,0.7722407015421833,0.41939913948474916,-1.2982808429504236,-0.31446685282793796,22.775929845781675,0.0,False
pm25_mean,10.803093281130515,3.619824980185005,1.079612802199041,8.117282261795749,0.0,0.0,False
valid_day_count,154.7286967039613,103.13628106579478,1.0779009508967285,-0.3768426679173684,0.0,0.0,False
observation_count,157.4155427880254,103.8025086222318,1.0683103761203696,-0.25785072840744494,0.0,0.0,False
longitude,-93.25429889138192,17.108995565048414,-1.023474198524755,0.8316576631124093,0.0,0.0,False
pm25_rolling_2yr_mean,9.53982718519856,4.76793582961546,-0.39443745877798103,0.4282003497402287,12.071363773813124,0.0,False
pm25_rolling_3yr_mean,8.416263735671302,5.416369068361527,-0.3052153686890054,-0.7031450936672905,22.775929845781675,0.0,False
latitude,38.39835413014817,5.641961277684564,-0.2843702678834069,3.0204634134893107,0.0,0.0,False
pm25_lag1,9.704563485015658,4.953029290567579,-0.11889540569526973,2.4287887046237717,12.071363773813124,0.0,False
year,2007.039673420018,5.167977756059092,0.10790645867330752,-1.219148970204951,0.0,0.0,False
pm25_lag2,8.690335098266356,5.7039933444741004,-0.08022875586070378,0.6597351737530519,22.775929845781675,0.0,False
ten_percentile,4.812934637751393,2.051797078246202,,,0.09071666162685213,0.16328999092833385,False
p99_p10_range,26.784424218560698,13.961924491798971,,,0.06652555185969157,0.16328999092833385,False
