column,null_values,unknown_values,null_percent,unknown_percent
ten_percentile,0,27,0.0,0.16328999092833385
p99_p10_range,0,27,0.0,0.16328999092833385
site_id,0,0,0.0,0.0
state_code,0,0,0.0,0.0
county_code,0,0,0.0,0.0
site_num,0,0,0.0,0.0
year,0,0,0.0,0.0
latitude,0,0,0.0,0.0
longitude,0,0,0.0,0.0
state_name,0,0,0.0,0.0
county_name,0,0,0.0,0.0
city_name,0,0,0.0,0.0
cbsa_name,0,0,0.0,0.0
observation_count,0,0,0.0,0.0
observation_percent,0,0,0.0,0.0
valid_day_count,0,0,0.0,0.0
arithmetic_standard_dev,0,0,0.0,0.0
first_max_value,0,0,0.0,0.0
ninety_nine_percentile,0,0,0.0,0.0
ninety_eight_percentile,0,0,0.0,0.0
ninety_five_percentile,0,0,0.0,0.0
ninety_percentile,0,0,0.0,0.0
seventy_five_percentile,0,0,0.0,0.0
fifty_percentile,0,0,0.0,0.0
pm25_mean,0,0,0.0,0.0
pm25_risk_category_next_year,0,0,0.0,0.0
pm25_lag1,0,0,0.0,0.0
pm25_change_1yr,0,0,0.0,0.0
pm25_pct_change_1yr,0,0,0.0,0.0
pm25_lag2,0,0,0.0,0.0
pm25_rolling_2yr_mean,0,0,0.0,0.0
pm25_rolling_3yr_mean,0,0,0.0,0.0
pm25_rolling_3yr_std,0,0,0.0,0.0
p95_minus_median,0,0,0.0,0.0
max_to_mean_ratio,0,0,0.0,0.0
observations_per_valid_day,0,0,0.0,0.0
has_previous_year,0,0,0.0,0.0
has_three_year_history,0,0,0.0,0.0
