feature,mutual_info
ninety_five_percentile,0.19176497132078185
arithmetic_standard_dev,0.18988477318458474
longitude,0.18765536484444456
ninety_nine_percentile,0.18587193586045392
ninety_eight_percentile,0.18572327943160283
ninety_percentile,0.17816324496733738
latitude,0.17810458722868705
p95_minus_median,0.17331694197263903
p99_p10_range,0.1677751555635536
first_max_value,0.16347915650876188
pm25_mean,0.14866118533137684
seventy_five_percentile,0.14106683803536346
pm25_rolling_2yr_mean,0.13547697439801576
pm25_lag1,0.12848707019207284
pm25_rolling_3yr_mean,0.1144689468564053
fifty_percentile,0.09858818066236918
pm25_lag2,0.09362180388320551
year,0.08465734036949035
ten_percentile,0.05905737472446426
max_to_mean_ratio,0.026528850073828325
observation_count,0.020080569679786997
valid_day_count,0.017954163847940796
observations_per_valid_day,0.014113943365430037
has_previous_year,0.008039088605517497
has_three_year_history,0.008038556665089347
observation_percent,0.007728609685790477
pm25_rolling_3yr_std,0.007280804812968444
pm25_pct_change_1yr,0.0039902132432227955
pm25_change_1yr,0.0030321069391443523
