feature,q1,q3,iqr,lower_bound,upper_bound,outlier_count,outlier_percent
valid_day_count,104.0,143.0,39.0,45.5,201.5,4580,27.6988
has_three_year_history,1.0,1.0,0.0,1.0,1.0,3766,22.7759
observations_per_valid_day,1.0,1.0,0.0,1.0,1.0,3627,21.9353
observation_count,105.0,185.0,80.0,-15.0,305.0,3394,20.5262
has_previous_year,1.0,1.0,0.0,1.0,1.0,1996,12.0714
observation_percent,88.0,97.0,9.0,74.5,110.5,1759,10.638
max_to_mean_ratio,2.6512956944203587,3.8384373306326527,1.187141636212294,0.8705832401019178,5.619149784951094,1079,6.5256
pm25_change_1yr,-1.0204934999999997,0.28869999999999946,1.3091934999999992,-2.9842837499999986,2.2524902499999984,1001,6.0538
pm25_pct_change_1yr,-0.0942307027434362,0.02895376953717,0.1231844722806062,-0.27900741116434546,0.21373047795807928,919,5.5579
first_max_value,26.0,43.3,17.299999999999997,0.05000000000000426,69.25,719,4.3484
p99_p10_range,18.6,31.800000000000004,13.200000000000003,-1.2000000000000028,51.60000000000001,605,3.6649
ninety_nine_percentile,22.9,37.4,14.5,1.1499999999999986,59.15,549,3.3202
p95_minus_median,9.3,16.799999999999997,7.4999999999999964,-1.949999999999994,28.04999999999999,499,3.0178
arithmetic_standard_dev,4.46941775,7.4479735,2.97855575,0.0015841249999999363,11.915807125,438,2.6489
latitude,34.99438,41.693659,6.699278999999997,24.945461500000004,51.742577499999996,433,2.6187
ninety_eight_percentile,20.7,33.6,12.900000000000002,1.3499999999999979,52.95,429,2.5945
pm25_rolling_3yr_std,0.1387539557273641,1.012676763768523,0.873922808041159,-1.1721302563343745,2.3235609758302616,380,2.2982
ninety_five_percentile,17.5,28.1,10.600000000000001,1.5999999999999979,44.0,346,2.0925
ten_percentile,3.5,5.9,2.4000000000000004,-0.10000000000000053,9.5,313,1.8961
ninety_percentile,14.6,23.4,8.799999999999999,1.4000000000000004,36.599999999999994,272,1.645
longitude,-105.070358,-80.962304,24.108053999999996,-141.232439,-44.80022300000001,249,1.5059
seventy_five_percentile,10.5,16.9,6.399999999999999,0.9000000000000021,26.499999999999996,236,1.4273
fifty_percentile,7.2,11.7,4.499999999999999,0.45000000000000195,18.449999999999996,185,1.1188
pm25_mean,8.375436634393065,13.0757355,4.7002988656069355,1.3249883359826615,20.126183798410402,184,1.1128
pm25_lag1,7.4260435625,12.9089965,5.4829529375,-0.7983858437499993,21.13342590625,127,0.7681
pm25_rolling_2yr_mean,7.359795103462224,12.7125415,5.352746396537777,-0.669324491344442,20.741661094806666,107,0.6471
pm25_lag2,4.9354605,12.7214165,7.7859560000000005,-6.743473500000002,24.400350500000002,49,0.2963
pm25_rolling_3yr_mean,5.018917,12.329179,7.310262,-5.946475999999999,23.294572,40,0.2419
year,2002.0,2012.0,10.0,1987.0,2027.0,0,0.0
