feature_1,feature_2,corr
ninety_nine_percentile,p99_p10_range,0.9905459194964429
pm25_lag1,pm25_rolling_2yr_mean,0.9863640151775169
pm25_lag2,pm25_rolling_3yr_mean,0.9855826268642901
observation_count,valid_day_count,0.9829253957240307
ninety_five_percentile,ninety_percentile,0.9484605691128022
seventy_five_percentile,fifty_percentile,0.9401708936912991
seventy_five_percentile,pm25_mean,0.9397524723141598
ninety_five_percentile,p95_minus_median,0.9385527727942007
fifty_percentile,pm25_mean,0.9296389845653863
ninety_eight_percentile,ninety_five_percentile,0.926470018466572
arithmetic_standard_dev,ninety_eight_percentile,0.9242547755933107
arithmetic_standard_dev,ninety_five_percentile,0.9120803863106586
arithmetic_standard_dev,ninety_nine_percentile,0.9078276551298867
arithmetic_standard_dev,p95_minus_median,0.9022933887154495
ninety_eight_percentile,p95_minus_median,0.899146274834835
arithmetic_standard_dev,p99_p10_range,0.8982842884119313
ninety_percentile,pm25_mean,0.89737545371905
ninety_nine_percentile,ninety_eight_percentile,0.8858172952902061
ninety_percentile,seventy_five_percentile,0.8804292319880724
fifty_percentile,ten_percentile,0.872203167561617
first_max_value,ninety_nine_percentile,0.8613194749146308
ninety_eight_percentile,ninety_percentile,0.8610626226786082
arithmetic_standard_dev,ninety_percentile,0.8594542485056316
ninety_eight_percentile,p99_p10_range,0.8592425441752309
first_max_value,p99_p10_range,0.8567150827837742
pm25_rolling_3yr_mean,has_three_year_history,0.8438901821760463
ninety_five_percentile,pm25_mean,0.8434632777189811
arithmetic_standard_dev,first_max_value,0.8356866881229948
ninety_percentile,p95_minus_median,0.8283380962589675
pm25_lag2,has_three_year_history,0.8274320907173789
ninety_nine_percentile,ninety_five_percentile,0.8113940843775684
ninety_nine_percentile,p95_minus_median,0.803691249691677
