year,Good,Moderate,Unhealthy for Sensitive Groups,Unhealthy,Very Unhealthy,Hazardous
1997,0,1,2,0,0,0
1998,0,5,9,8,0,0
1999,2,294,505,121,5,0
2000,4,375,548,144,2,0
2001,5,383,469,215,2,0
2002,4,464,461,136,2,0
2003,6,454,468,69,3,1
2004,2,290,584,102,1,0
2005,4,534,382,42,1,0
2006,3,367,453,92,3,0
2007,3,547,281,50,2,0
2008,5,638,205,45,3,1
2009,6,580,269,45,0,0
2010,3,613,164,46,2,0
2011,3,649,118,38,4,1
2012,2,655,131,50,5,0
2013,3,629,190,49,5,0
2014,2,653,166,78,7,1
2015,5,725,135,58,4,0
2016,24,562,38,10,0,0
