site_id,state_code,county_code,site_num,year,latitude,longitude,state_name,county_name,city_name,cbsa_name,observation_count,observation_percent,valid_day_count,arithmetic_standard_dev,first_max_value,ninety_nine_percentile,ninety_eight_percentile,ninety_five_percentile,ninety_percentile,seventy_five_percentile,fifty_percentile,ten_percentile,pm25_mean,pm25_risk_category_next_year,pm25_lag1,pm25_change_1yr,pm25_pct_change_1yr,pm25_lag2,pm25_rolling_2yr_mean,pm25_rolling_3yr_mean,pm25_rolling_3yr_std,p95_minus_median,p99_p10_range,max_to_mean_ratio,observations_per_valid_day,has_previous_year,has_three_year_history
06-007-0002,06,7,2,1998,39.757371,-121.843286,California,Butte,Unknown,Chico CA,3,5,3,26.664583,69.0,69.0,69.0,69.0,69.0,69.0,57.0,18.0,48.0,Unhealthy,0.0,0.0,0.0,0.0,0.0,0.0,0.0,12.0,51.0,1.4375,1.0,0,0
06-011-1002,06,11,1002,1998,39.202935,-122.017728,California,Colusa,Colusa,Unknown,3,2,3,17.039171,37.0,37.0,37.0,37.0,37.0,37.0,8.0,7.0,17.333333,Unhealthy for Sensitive Groups,0.0,0.0,0.0,0.0,0.0,0.0,0.0,29.0,30.0,2.134615425665681,1.0,0,0
16-083-0006,16,83,6,1998,42.145572,-115.0145,Idaho,Twin Falls,Unknown,Twin Falls ID,4,7,4,1.534058,4.9,4.9,4.9,4.9,4.9,4.9,4.7,1.6,3.6,Moderate,0.0,0.0,0.0,0.0,0.0,0.0,0.0,0.2000000000000001,3.3000000000000003,1.3611111111111112,1.0,0,0
01-027-0001,01,27,1,1999,33.284928,-85.803608,Alabama,Clay,Ashland,Unknown,94,77,93,10.331839,46.2,46.2,44.6,39.4,32.8,23.0,15.5,7.5,17.809574,Unhealthy for Sensitive Groups,0.0,0.0,0.0,0.0,0.0,0.0,0.0,23.9,38.7,2.59411033638424,1.010752688172043,0,0
01-073-1005,01,73,1005,1999,33.331111,-87.003611,Alabama,Jefferson,Unknown,Birmingham-Hoover AL,118,97,117,10.232425,51.7,42.0,41.9,41.9,41.9,32.2,18.1,10.1,18.705468421875,Unhealthy for Sensitive Groups,0.0,0.0,0.0,0.0,0.0,0.0,0.0,23.8,31.9,2.763897638593201,1.0085470085470083,0,0
01-119-0002,01,119,2,1999,32.36401,-88.201865,Alabama,Sumter,Unknown,Unknown,96,79,96,9.067834,52.4,52.4,47.7,39.1,27.2,21.0,15.5,8.9,17.528125,Unhealthy for Sensitive Groups,0.0,0.0,0.0,0.0,0.0,0.0,0.0,23.6,43.5,2.989481190943127,1.0,0,0
02-170-0008,02,170,8,1999,61.534163,-149.031655,Alaska,Matanuska-Susitna,Unknown,Anchorage AK,89,74,89,10.49787,62.0,62.0,39.3,34.6,19.8,8.3,3.8,1.4,8.007865,Moderate,0.0,0.0,0.0,0.0,0.0,0.0,0.0,30.8,60.6,7.742388264537426,1.0,0,0
05-001-0001,05,1,1,1999,34.499264,-91.574296,Arkansas,Arkansas,Stuttgart,Unknown,27,45,27,7.596215,36.7,36.7,36.7,31.1,25.7,21.8,15.4,7.85,16.743137235294117,Moderate,0.0,0.0,0.0,0.0,0.0,0.0,0.0,15.7,28.85,2.191942853017851,1.0,0,0
05-003-0003,05,3,3,1999,33.1304,-91.962076,Arkansas,Ashley,Crossett,Unknown,28,47,28,6.352673,31.4,31.4,31.4,30.5,28.9,21.2,18.8,10.8,18.735714,Unhealthy for Sensitive Groups,0.0,0.0,0.0,0.0,0.0,0.0,0.0,11.7,20.6,1.6759436016156095,1.0,0,0
05-089-0001,05,89,1,1999,36.084239,-92.58683,Arkansas,Marion,Not in a city,Unknown,20,32,19,5.368963,22.8,22.8,22.8,22.8,17.9,14.5,10.7,4.4,10.605,Moderate,0.0,0.0,0.0,0.0,0.0,0.0,0.0,12.1,18.4,2.14992927864215,1.0526315789473684,0,0
05-113-0002,05,113,2,1999,34.583699,-94.226234,Arkansas,Polk,Mena,Unknown,24,40,24,4.690037,21.5,21.5,21.5,19.4,17.0,15.2,11.0,5.5,11.141667,Moderate,0.0,0.0,0.0,0.0,0.0,0.0,0.0,8.399999999999999,16.0,1.929693285573873,1.0,0,0
06-007-0002,06,7,2,1999,39.757371,-121.843286,California,Butte,Unknown,Chico CA,55,98,59,14.032262,73.0,73.0,52.0,49.0,30.0,19.0,10.0,4.0,15.854545,Unhealthy,48.0,-32.145455,-0.6696969791666666,0.0,31.9272725,0.0,0.0,39.0,69.0,4.604357930170813,0.9322033898305084,1,0
06-009-0001,06,9,1,1999,38.201852,-120.681567,California,Calaveras,San Andreas,Unknown,59,98,59,6.488717,33.0,33.0,28.0,27.0,20.0,14.0,9.0,4.0,11.0,Unhealthy for Sensitive Groups,0.0,0.0,0.0,0.0,0.0,0.0,0.0,18.0,29.0,3.0,1.0,0,0
06-011-1002,06,11,1002,1999,39.202935,-122.017728,California,Colusa,Colusa,Unknown,85,69,84,11.268955,55.0,55.0,47.0,37.0,32.0,19.0,10.0,4.0,13.541176000000002,Moderate,17.333333,-3.792156999999998,-0.2187782926688131,0.0,15.437254500000002,0.0,0.0,27.0,51.0,4.061685632030778,1.011904761904762,1,0
06-049-0001,06,49,1,1999,41.483225,-120.540234,California,Modoc,Alturas,Unknown,56,93,56,6.484322,40.0,40.0,27.0,21.0,14.0,9.0,6.0,3.0,7.910714,Unhealthy for Sensitive Groups,0.0,0.0,0.0,0.0,0.0,0.0,0.0,15.0,37.0,5.056433591203019,1.0,0,0
06-063-1006,06,63,1006,1999,39.937099,-120.938821,California,Plumas,Quincy,Unknown,73,59,71,17.160648,92.0,92.0,84.0,67.0,25.0,16.0,8.0,5.0,14.109588999999998,Unhealthy for Sensitive Groups,0.0,0.0,0.0,0.0,0.0,0.0,0.0,59.0,87.0,6.520388368505986,1.028169014084507,0,0
06-111-3001,06,111,3001,1999,34.252378,-119.143176,California,Ventura,Unknown,Oxnard-Thousand Oaks-Ventura CA,92,76,92,5.819464,36.7,36.7,29.8,22.7,18.7,14.4,11.4,5.7,12.059783,Unhealthy for Sensitive Groups,0.0,0.0,0.0,0.0,0.0,0.0,0.0,11.3,31.000000000000004,3.0431725015284274,1.0,0,0
08-039-0001,08,39,1,1999,39.231384,-104.63477,Colorado,Elbert,Unknown,Denver-Aurora-Lakewood CO,67,54,65,1.949027,11.0,11.0,8.0,6.7,5.8,5.0,3.7,1.5,3.708955,Moderate,0.0,0.0,0.0,0.0,0.0,0.0,0.0,3.0,9.5,2.9657949476334977,1.0307692307692309,0,0
10-001-0002,10,1,2,1999,38.986672,-75.5568,Delaware,Kent,Unknown,Dover DE,104,86,104,7.498935,43.2,35.1,28.5,27.7,21.4,17.1,11.0,4.9,12.393269,Unhealthy for Sensitive Groups,0.0,0.0,0.0,0.0,0.0,0.0,0.0,16.7,30.200000000000003,3.485763118673532,1.0,0,0
10-003-1003,10,3,1003,1999,39.761111,-75.491944,Delaware,New Castle,Unknown,Philadelphia-Camden-Wilmington PA-NJ-DE-MD,108,89,108,8.190733,50.0,45.5,33.1,29.7,24.6,18.2,12.9,6.2,14.25463,Unhealthy for Sensitive Groups,0.0,0.0,0.0,0.0,0.0,0.0,0.0,16.799999999999997,39.3,3.507632257028068,1.0,0,0
